Model,Remember,Understand,Apply,Analyze,Evaluate,Create
Flan-T5-XL,0.0921008387242854,0.92,0.8080808080808081,0.7755102040816326,0.0921008387242854,711.1104100946372
GPT-J,0.05065558705163412,0.73,0.8383838383838383,0.8979591836734694,0.05065558705163412,1624.6908517350157
GPT-2,0.008784097987714897,0.2,0.20202020202020202,0.21428571428571427,0.008784097987714897,2224.1482649842274
LLaMA,0.06535798535509721,0.91,0.797979797979798,0.9183673469387755,0.06535798535509721,1253.8832807570977
Fine-tuned LLaMA,0.30720399774457574,1.0,0.9696969696969697,0.97,0.30720399774457574,1146.0846394984326
