Model,Hypothesis Formulation Accuracy,Correlation Process Accuracy,ANOVA Process Accuracy
Flan-T5-XL,0.7368421052631579,0.7391304347826086,0.64
GPT-J,0.5789473684210527,0.782608695652174,0.84
GPT-2,0.10526315789473684,0.21739130434782608,0.16
LLaMA,0.5789473684210527,0.9130434782608695,0.84
Fine-tuned LLaMA,0.8421052631578947,1.0,0.9259259259259259
